mean_fit_time,mean_score_time,mean_test_score,mean_train_score,param_Boost__base_estimator__class_weight,param_Boost__base_estimator__max_depth,param_Boost__n_estimators,params,rank_test_score,split0_test_score,split0_train_score,split1_test_score,split1_train_score,split2_test_score,split2_train_score,split3_test_score,split3_train_score,split4_test_score,split4_train_score,std_fit_time,std_score_time,std_test_score,std_train_score
0.004211235046386719,0.0005013942718505859,0.2850958565244279,0.2857142857142857,balanced,1,1,"{'Boost__base_estimator__class_weight': 'balanced', 'Boost__base_estimator__max_depth': 1, 'Boost__n_estimators': 1}",180,0.2857142857142857,0.2857142857142857,0.2857142857142857,0.2857142857142857,0.2857142857142857,0.2857142857142857,0.2857142857142857,0.2857142857142857,0.2826086956521739,0.2857142857142857,0.0004012346373953646,1.5078914929239175e-07,0.0012402148536741504,0.0
0.00731964111328125,0.0006015300750732422,0.424860853432282,0.42733506798724197,balanced,1,2,"{'Boost__base_estimator__class_weight': 'balanced', 'Boost__base_estimator__max_depth': 1, 'Boost__n_estimators': 2}",179,0.425531914893617,0.4277950310559006,0.4254658385093168,0.4277992277992278,0.4192546583850932,0.42702702702702705,0.42857142857142855,0.42702702702702705,0.4254658385093168,0.42702702702702705,0.0007505456768012244,0.00020051005337382694,0.003039378082049226,0.00037727392040876116
0.017947912216186523,0.0013034820556640625,0.42733457019171306,0.42857142857142855,balanced,1,5,"{'Boost__base_estimator__class_weight': 'balanced', 'Boost__base_estimator__max_depth': 1, 'Boost__n_estimators': 5}",172,0.42857142857142855,0.42857142857142855,0.42857142857142855,0.42857142857142855,0.4254658385093168,0.42857142857142855,0.42857142857142855,0.42857142857142855,0.4254658385093168,0.42857142857142855,0.0011606180873524874,0.00024551536334104906,0.001520314586133952,0.0
0.035895681381225585,0.001804494857788086,0.42733457019171306,0.42857142857142855,balanced,1,10,"{'Boost__base_estimator__class_weight': 'balanced', 'Boost__base_estimator__max_depth': 1, 'Boost__n_estimators': 10}",172,0.42857142857142855,0.42857142857142855,0.42857142857142855,0.42857142857142855,0.4254658385093168,0.42857142857142855,0.42857142857142855,0.42857142857142855,0.4254658385093168,0.42857142857142855,0.0015406712965875826,0.000245495784643015,0.001520314586133952,0.0
0.07309460639953613,0.003308725357055664,0.42733457019171306,0.42857142857142855,balanced,1,20,"{'Boost__base_estimator__class_weight': 'balanced', 'Boost__base_estimator__max_depth': 1, 'Boost__n_estimators': 20}",172,0.42857142857142855,0.42857142857142855,0.42857142857142855,0.42857142857142855,0.4254658385093168,0.42857142857142855,0.42857142857142855,0.42857142857142855,0.4254658385093168,0.42857142857142855,0.003346268206838424,0.00040087746683335946,0.001520314586133952,0.0
0.10718512535095215,0.0044116020202636715,0.42733457019171306,0.42857142857142855,balanced,1,30,"{'Boost__base_estimator__class_weight': 'balanced', 'Boost__base_estimator__max_depth': 1, 'Boost__n_estimators': 30}",172,0.42857142857142855,0.42857142857142855,0.42857142857142855,0.42857142857142855,0.4254658385093168,0.42857142857142855,0.42857142857142855,0.42857142857142855,0.4254658385093168,0.42857142857142855,0.004511188207693617,0.00020070101478979194,0.001520314586133952,0.0
0.1500992774963379,0.00621638298034668,0.42733457019171306,0.42857142857142855,balanced,1,40,"{'Boost__base_estimator__class_weight': 'balanced', 'Boost__base_estimator__max_depth': 1, 'Boost__n_estimators': 40}",172,0.42857142857142855,0.42857142857142855,0.42857142857142855,0.42857142857142855,0.4254658385093168,0.42857142857142855,0.42857142857142855,0.42857142857142855,0.4254658385093168,0.42857142857142855,0.0047939145617903675,0.00040109167128476016,0.001520314586133952,0.0
0.19662299156188964,0.007520246505737305,0.42733457019171306,0.42857142857142855,balanced,1,50,"{'Boost__base_estimator__class_weight': 'balanced', 'Boost__base_estimator__max_depth': 1, 'Boost__n_estimators': 50}",172,0.42857142857142855,0.42857142857142855,0.42857142857142855,0.42857142857142855,0.4254658385093168,0.42857142857142855,0.42857142857142855,0.42857142857142855,0.4254658385093168,0.42857142857142855,0.01727485709294612,0.001677815207888408,0.001520314586133952,0.0
0.3502316474914551,0.014638900756835938,0.42795299938157083,0.42857142857142855,balanced,1,100,"{'Boost__base_estimator__class_weight': 'balanced', 'Boost__base_estimator__max_depth': 1, 'Boost__n_estimators': 100}",171,0.42857142857142855,0.42857142857142855,0.42857142857142855,0.42857142857142855,0.4254658385093168,0.42857142857142855,0.42857142857142855,0.42857142857142855,0.42857142857142855,0.42857142857142855,0.013390803891467651,0.001396698876176811,0.001240214853674128,0.0
0.006818056106567383,0.0006015777587890625,0.4267161410018553,0.42733506798724197,balanced,2,1,"{'Boost__base_estimator__class_weight': 'balanced', 'Boost__base_estimator__max_depth': 2, 'Boost__n_estimators': 1}",178,0.425531914893617,0.4277950310559006,0.4254658385093168,0.4277992277992278,0.42857142857142855,0.42702702702702705,0.42857142857142855,0.42702702702702705,0.4254658385093168,0.42702702702702705,0.0021411292125624783,0.00020048637454771936,0.0015095718292951839,0.00037727392040876116
0.010126781463623048,0.0007020473480224609,0.5683364254792826,0.5705002518045996,balanced,2,2,"{'Boost__base_estimator__class_weight': 'balanced', 'Boost__base_estimator__max_depth': 2, 'Boost__n_estimators': 2}",162,0.5714285714285714,0.5698757763975155,0.5683229813664596,0.5706563706563706,0.5714285714285714,0.5714285714285714,0.5683229813664596,0.5706563706563706,0.562111801242236,0.5698841698841699,0.000862016191412666,0.00024574905727732125,0.0034007493932749593,0.0005796636926254624
0.023562240600585937,0.001403951644897461,0.4582560296846011,0.46116417659895925,balanced,2,5,"{'Boost__base_estimator__class_weight': 'balanced', 'Boost__base_estimator__max_depth': 2, 'Boost__n_estimators': 5}",170,0.42857142857142855,0.4340062111801242,0.43167701863354035,0.4332046332046332,0.43167701863354035,0.4332046332046332,0.43478260869565216,0.43243243243243246,0.5652173913043478,0.572972972972973,0.0006339931064127649,0.00020058168520980157,0.05337232870467451,0.055906613721071426
0.052138757705688474,0.002105522155761719,0.5683364254792826,0.5722016115494376,balanced,2,10,"{'Boost__base_estimator__class_weight': 'balanced', 'Boost__base_estimator__max_depth': 2, 'Boost__n_estimators': 10}",162,0.5714285714285714,0.5722049689440993,0.5683229813664596,0.572972972972973,0.5683229813664596,0.5714285714285714,0.5683229813664596,0.5714285714285714,0.5652173913043478,0.572972972972973,0.0024356177344471795,0.00037504348629440446,0.0019704685359811383,0.0006906794076087276
0.1039764404296875,0.0034090518951416016,0.5417439703153989,0.5444023837502099,balanced,2,20,"{'Boost__base_estimator__class_weight': 'balanced', 'Boost__base_estimator__max_depth': 2, 'Boost__n_estimators': 20}",168,0.5714285714285714,0.5722049689440993,0.5683229813664596,0.572972972972973,0.5683229813664596,0.5714285714285714,0.43478260869565216,0.43243243243243246,0.5652173913043478,0.572972972972973,0.00926922229551891,0.0007368052465486099,0.05337232870467453,0.055987901727188684
0.15210442543029784,0.004913139343261719,0.5677179962894249,0.5722016115494376,balanced,2,30,"{'Boost__base_estimator__class_weight': 'balanced', 'Boost__base_estimator__max_depth': 2, 'Boost__n_estimators': 30}",164,0.5714285714285714,0.5722049689440993,0.5683229813664596,0.572972972972973,0.5683229813664596,0.5714285714285714,0.5652173913043478,0.5714285714285714,0.5652173913043478,0.572972972972973,0.005339674437979348,0.0005843859189434883,0.0023318463924900017,0.0006906794076087276
0.20374174118041993,0.006316852569580078,0.5411255411255411,0.5444023837502099,balanced,2,40,"{'Boost__base_estimator__class_weight': 'balanced', 'Boost__base_estimator__max_depth': 2, 'Boost__n_estimators': 40}",169,0.5714285714285714,0.5722049689440993,0.5683229813664596,0.572972972972973,0.5683229813664596,0.5714285714285714,0.43167701863354035,0.43243243243243246,0.5652173913043478,0.572972972972973,0.004568757118431213,0.000680265011439475,0.054611717247018195,0.055987901727188684
0.25417585372924806,0.007419729232788086,0.5677179962894249,0.5722016115494376,balanced,2,50,"{'Boost__base_estimator__class_weight': 'balanced', 'Boost__base_estimator__max_depth': 2, 'Boost__n_estimators': 50}",164,0.5714285714285714,0.5722049689440993,0.5683229813664596,0.572972972972973,0.5683229813664596,0.5714285714285714,0.5652173913043478,0.5714285714285714,0.5652173913043478,0.572972972972973,0.007146594542915773,0.0012444124900331075,0.0023318463924900017,0.0006906794076087276
0.504240894317627,0.015641450881958008,0.5423623995052567,0.5444023837502099,balanced,2,100,"{'Boost__base_estimator__class_weight': 'balanced', 'Boost__base_estimator__max_depth': 2, 'Boost__n_estimators': 100}",167,0.5714285714285714,0.5722049689440993,0.5683229813664596,0.572972972972973,0.5683229813664596,0.5714285714285714,0.43478260869565216,0.43243243243243246,0.5683229813664596,0.572972972972973,0.008129645805629053,0.000736883137728004,0.053657962146300996,0.055987901727188684
0.006116199493408203,0.0008020877838134765,0.5670995670995671,0.569263891220413,balanced,3,1,"{'Boost__base_estimator__class_weight': 'balanced', 'Boost__base_estimator__max_depth': 3, 'Boost__n_estimators': 1}",166,0.5683890577507599,0.5690993788819876,0.5652173913043478,0.5698841698841699,0.5714285714285714,0.5698841698841699,0.5683229813664596,0.5691119691119692,0.562111801242236,0.5683397683397683,0.0003751709003974289,0.0002456125854029683,0.0031666498301488838,0.0005785566483039301
0.01313486099243164,0.0007017612457275391,0.7835497835497836,0.7954918583179452,balanced,3,2,"{'Boost__base_estimator__class_weight': 'balanced', 'Boost__base_estimator__max_depth': 3, 'Boost__n_estimators': 2}",160,0.8115501519756839,0.8299689440993789,0.8478260869565217,0.8231660231660232,0.7608695652173914,0.7922779922779922,0.6863354037267081,0.7003861003861004,0.8105590062111802,0.8316602316602316,0.0013965174602007405,0.0002456904371521478,0.05578419901408967,0.04963489538814276
0.03218555450439453,0.0014039039611816405,0.87569573283859,0.8962590229981535,balanced,3,5,"{'Boost__base_estimator__class_weight': 'balanced', 'Boost__base_estimator__max_depth': 3, 'Boost__n_estimators': 5}",156,0.8753799392097265,0.8967391304347826,0.8975155279503105,0.9057915057915058,0.8322981366459627,0.844015444015444,0.8881987577639752,0.8988416988416988,0.8850931677018633,0.9359073359073359,0.002159714084880354,0.0002005582189077291,0.02277244191669883,0.02966192578824287
0.06306772232055664,0.0021056175231933595,0.8608534322820037,0.8711071008897096,balanced,3,10,"{'Boost__base_estimator__class_weight': 'balanced', 'Boost__base_estimator__max_depth': 3, 'Boost__n_estimators': 10}",157,0.9148936170212766,0.9169254658385093,0.8416149068322981,0.8540540540540541,0.84472049689441,0.8378378378378378,0.7981366459627329,0.8015444015444015,0.9037267080745341,0.9451737451737452,0.002273298001884127,0.00020055770874023439,0.04323216835677102,0.052577199949557375
0.13024654388427734,0.0037096500396728515,0.8787878787878788,0.894242907503777,balanced,3,20,"{'Boost__base_estimator__class_weight': 'balanced', 'Boost__base_estimator__max_depth': 3, 'Boost__n_estimators': 20}",155,0.8753799392097265,0.8889751552795031,0.9161490683229814,0.9289575289575289,0.8478260869565217,0.8555984555984556,0.8571428571428571,0.864092664092664,0.8975155279503105,0.9335907335907336,0.0026223516064995526,0.00040144933092718145,0.025186500127747924,0.03219793911030667
0.19181008338928224,0.005213880538940429,0.8583797155225726,0.8841765989592076,balanced,3,30,"{'Boost__base_estimator__class_weight': 'balanced', 'Boost__base_estimator__max_depth': 3, 'Boost__n_estimators': 30}",158,0.8449848024316109,0.8633540372670807,0.8975155279503105,0.9413127413127413,0.8540372670807453,0.8803088803088803,0.7857142857142857,0.7961389961389962,0.9099378881987578,0.9397683397683397,0.004490934671128366,0.0006797446838675096,0.04388719927995209,0.05395208660013589
0.25888848304748535,0.006717824935913086,0.8855905998763142,0.9147884841363101,balanced,3,40,"{'Boost__base_estimator__class_weight': 'balanced', 'Boost__base_estimator__max_depth': 3, 'Boost__n_estimators': 40}",153,0.8844984802431611,0.8936335403726708,0.906832298136646,0.9521235521235522,0.8757763975155279,0.9243243243243243,0.8571428571428571,0.864092664092664,0.9037267080745341,0.9397683397683397,0.0048565833733595215,0.00040118706703127447,0.01832832063267923,0.03202008917114648
0.316942834854126,0.008221912384033202,0.8824984539270253,0.9045979519892564,balanced,3,50,"{'Boost__base_estimator__class_weight': 'balanced', 'Boost__base_estimator__max_depth': 3, 'Boost__n_estimators': 50}",154,0.8844984802431611,0.8959627329192547,0.922360248447205,0.9567567567567568,0.9037267080745341,0.9436293436293436,0.7888198757763976,0.7961389961389962,0.9130434782608695,0.9305019305019305,0.014216694182315862,0.0006799134308678987,0.04837662035756459,0.0578842269766761
0.6365927219390869,0.01634368896484375,0.9010513296227582,0.9294804431760954,balanced,3,100,"{'Boost__base_estimator__class_weight': 'balanced', 'Boost__base_estimator__max_depth': 3, 'Boost__n_estimators': 100}",150,0.8905775075987842,0.9122670807453416,0.9440993788819876,0.9714285714285714,0.8975155279503105,0.9521235521235522,0.860248447204969,0.864092664092664,0.9130434782608695,0.9474903474903474,0.020021599434905873,0.0005114271275904779,0.027459124716428893,0.0378644265762396
0.007820653915405273,0.0007019519805908203,0.6870748299319728,0.6944938727547423,balanced,4,1,"{'Boost__base_estimator__class_weight': 'balanced', 'Boost__base_estimator__max_depth': 4, 'Boost__n_estimators': 1}",161,0.6869300911854104,0.6925465838509317,0.7049689440993789,0.6934362934362934,0.6863354037267081,0.6942084942084942,0.6863354037267081,0.6926640926640927,0.6708074534161491,0.6996138996138996,0.0007503482067540827,0.00024563202519765014,0.010801900046252968,0.0026288636032705697
0.01524038314819336,0.0010027885437011719,0.8961038961038961,0.9087821050864531,balanced,4,2,"{'Boost__base_estimator__class_weight': 'balanced', 'Boost__base_estimator__max_depth': 4, 'Boost__n_estimators': 2}",152,0.8966565349544073,0.9091614906832298,0.9658385093167702,0.9451737451737452,0.7888198757763976,0.8308880308880309,0.9099378881987578,0.901930501930502,0.9192546583850931,0.9567567567567568,0.0006803283976315002,3.9895058943465975e-07,0.05835477471098713,0.0441372719265633
0.03639674186706543,0.0013033390045166016,0.9035250463821892,0.9246886016451235,balanced,4,5,"{'Boost__base_estimator__class_weight': 'balanced', 'Boost__base_estimator__max_depth': 4, 'Boost__n_estimators': 5}",148,0.9027355623100304,0.9083850931677019,0.9192546583850931,0.9235521235521236,0.8664596273291926,0.915057915057915,0.9099378881987578,0.918918918918919,0.9192546583850931,0.9575289575289575,0.0016955648069029718,0.000245593153327684,0.019504756928252376,0.017155898744211556
0.07730555534362793,0.002105522155761719,0.91713048855906,0.9547053886184322,balanced,4,10,"{'Boost__base_estimator__class_weight': 'balanced', 'Boost__base_estimator__max_depth': 4, 'Boost__n_estimators': 10}",147,0.9270516717325228,0.9596273291925466,0.9472049689440993,0.9698841698841699,0.8695652173913043,0.9204633204633205,0.9503105590062112,0.9637065637065637,0.8913043478260869,0.9598455598455599,0.00589283622513073,0.00020036697387695312,0.03166577766063175,0.017519033332230014
0.1546112060546875,0.003308725357055664,0.9517625231910947,0.9758720832633875,balanced,4,20,"{'Boost__base_estimator__class_weight': 'balanced', 'Boost__base_estimator__max_depth': 4, 'Boost__n_estimators': 20}",85,0.9331306990881459,0.967391304347826,0.968944099378882,0.9783783783783784,0.953416149068323,0.9845559845559846,0.9596273291925466,0.9621621621621622,0.9440993788819876,0.9868725868725868,0.006871033813485793,0.0002457294786930281,0.012408579726083386,0.009618609921765804
0.2349247455596924,0.005514764785766601,0.9499072356215214,0.9792689273124054,balanced,4,30,"{'Boost__base_estimator__class_weight': 'balanced', 'Boost__base_estimator__max_depth': 4, 'Boost__n_estimators': 30}",114,0.9300911854103343,0.9666149068322981,0.9720496894409938,0.9915057915057915,0.9627329192546584,0.9907335907335907,0.9627329192546584,0.972972972972973,0.922360248447205,0.9745173745173745,0.011031900356138298,0.0006341814921985418,0.01985328597263839,0.010035137088925068
0.31212987899780276,0.00661778450012207,0.9622758194186766,0.9814294107772369,balanced,4,40,"{'Boost__base_estimator__class_weight': 'balanced', 'Boost__base_estimator__max_depth': 4, 'Boost__n_estimators': 40}",49,0.9574468085106383,0.9650621118012422,0.9720496894409938,0.9822393822393822,0.9627329192546584,0.993050193050193,0.968944099378882,0.9822393822393822,0.9503105590062112,0.9845559845559846,0.009525898681132456,0.0004911474348000683,0.007821346694595683,0.009099655241139412
0.37830615043640137,0.008322000503540039,0.9573283858998145,0.9801980862850428,balanced,4,50,"{'Boost__base_estimator__class_weight': 'balanced', 'Boost__base_estimator__max_depth': 4, 'Boost__n_estimators': 50}",65,0.9513677811550152,0.968944099378882,0.9503105590062112,0.9737451737451738,0.9658385093167702,0.9953667953667954,0.9720496894409938,0.9783783783783784,0.9472049689440993,0.9845559845559846,0.010783258446403146,0.0006010931747738635,0.009747901634384553,0.009172618502298401
0.7910037040710449,0.017446279525756836,0.961038961038961,0.9831475574953835,balanced,4,100,"{'Boost__base_estimator__class_weight': 'balanced', 'Boost__base_estimator__max_depth': 4, 'Boost__n_estimators': 100}",55,0.9635258358662614,0.9829192546583851,0.9565217391304348,0.9737451737451738,0.9627329192546584,0.9899613899613899,0.9751552795031055,0.9845559845559846,0.9472049689440993,0.9845559845559846,0.01808533413433044,0.00020015247525593619,0.009147943258705426,0.005269773976490065
0.008121585845947266,0.0009025096893310547,0.8200371057513914,0.8277673325499413,balanced,5,1,"{'Boost__base_estimator__class_weight': 'balanced', 'Boost__base_estimator__max_depth': 5, 'Boost__n_estimators': 1}",159,0.8145896656534954,0.827639751552795,0.84472049689441,0.8216216216216217,0.8105590062111802,0.8324324324324325,0.8198757763975155,0.8277992277992278,0.8105590062111802,0.8293436293436294,0.0010227692933656898,0.00020055770874023439,0.012772921246223501,0.0035223550510315614
0.018749523162841796,0.0010027408599853516,0.9010513296227582,0.9299479603827431,balanced,5,2,"{'Boost__base_estimator__class_weight': 'balanced', 'Boost__base_estimator__max_depth': 5, 'Boost__n_estimators': 2}",150,0.8753799392097265,0.9161490683229814,0.9658385093167702,0.9768339768339769,0.953416149068323,0.9791505791505791,0.922360248447205,0.9374517374517375,0.7888198757763976,0.8401544401544402,0.0011253300500986877,2.3360154559928684e-07,0.06414564649185316,0.05085034631081118
0.04491987228393555,0.0014035701751708984,0.9598021026592455,0.9837594426724863,balanced,5,5,"{'Boost__base_estimator__class_weight': 'balanced', 'Boost__base_estimator__max_depth': 5, 'Boost__n_estimators': 5}",59,0.9665653495440729,0.9774844720496895,0.9720496894409938,0.9837837837837838,0.9596273291925466,0.9899613899613899,0.9565217391304348,0.9752895752895753,0.9440993788819876,0.9922779922779923,0.0015077057288520144,0.00020062982221393728,0.009509367047947671,0.006665498328655826
0.0886357307434082,0.0023063182830810546,0.956091527520099,0.9885680711767669,balanced,5,10,"{'Boost__base_estimator__class_weight': 'balanced', 'Boost__base_estimator__max_depth': 5, 'Boost__n_estimators': 10}",67,0.9726443768996961,0.9968944099378882,0.9751552795031055,0.9953667953667954,0.9440993788819876,0.9945945945945946,0.9409937888198758,0.9683397683397683,0.9472049689440993,0.9876447876447877,0.002622256799554508,0.0002457488722318415,0.014760540635934204,0.010601002220812951
0.18499202728271485,0.004010677337646484,0.9684601113172542,0.9966014772536511,balanced,5,20,"{'Boost__base_estimator__class_weight': 'balanced', 'Boost__base_estimator__max_depth': 5, 'Boost__n_estimators': 20}",34,0.9696048632218845,0.9992236024844721,0.9875776397515528,0.9961389961389961,0.9720496894409938,0.9976833976833976,0.9565217391304348,0.9907335907335907,0.9565217391304348,0.9992277992277993,0.006815271965815613,0.00031695889941664435,0.011505439151833975,0.003149274222674916
0.274630069732666,0.005314445495605469,0.9727891156462585,0.9966023166023167,balanced,5,30,"{'Boost__base_estimator__class_weight': 'balanced', 'Boost__base_estimator__max_depth': 5, 'Boost__n_estimators': 30}",29,0.9756838905775076,1.0,0.9813664596273292,0.9945945945945946,0.9813664596273292,0.9992277992277993,0.9627329192546584,0.9891891891891892,0.9627329192546584,1.0,0.006272913207780433,0.0006798502768880921,0.00844284455048324,0.004218224025868002
0.3560467720031738,0.006918430328369141,0.9802102659245516,0.9959845559845562,balanced,5,40,"{'Boost__base_estimator__class_weight': 'balanced', 'Boost__base_estimator__max_depth': 5, 'Boost__n_estimators': 40}",12,0.9817629179331308,1.0,0.9813664596273292,0.9891891891891892,0.984472049689441,0.9984555984555985,0.9875776397515528,0.9945945945945946,0.9658385093167702,0.9976833976833976,0.01102676416160177,0.0007368183678484933,0.007504187010401454,0.003826876198722429
0.4511997699737549,0.009224653244018555,0.9783549783549783,0.9976833976833976,balanced,5,50,"{'Boost__base_estimator__class_weight': 'balanced', 'Boost__base_estimator__max_depth': 5, 'Boost__n_estimators': 50}",17,0.9848024316109423,1.0,0.9782608695652174,0.9969111969111969,0.9813664596273292,0.9992277992277993,0.9906832298136646,0.9922779922779923,0.9565217391304348,1.0,0.00939520297146482,0.0006799977585709408,0.011638579204568855,0.002930295901314326
0.8926737785339356,0.016644287109375,0.9814471243042672,0.9996911196911198,balanced,5,100,"{'Boost__base_estimator__class_weight': 'balanced', 'Boost__base_estimator__max_depth': 5, 'Boost__n_estimators': 100}",7,0.9848024316109423,1.0,0.9875776397515528,0.9992277992277993,0.9813664596273292,0.9992277992277993,0.9906832298136646,1.0,0.9627329192546584,1.0,0.007433205413558437,0.000802153353683873,0.009823662754343912,0.0003782995741749966
0.009224462509155273,0.0009023666381835938,0.9022881880024737,0.913878630182978,balanced,6,1,"{'Boost__base_estimator__class_weight': 'balanced', 'Boost__base_estimator__max_depth': 6, 'Boost__n_estimators': 1}",149,0.9057750759878419,0.9091614906832298,0.9347826086956522,0.9073359073359073,0.8881987577639752,0.9204633204633205,0.906832298136646,0.911969111969112,0.8757763975155279,0.9204633204633205,0.0005115109875415367,0.00020036714409480975,0.019908439798811777,0.00557532383451983
0.018549394607543946,0.0007020950317382813,0.9499072356215214,0.990874601309384,balanced,6,2,"{'Boost__base_estimator__class_weight': 'balanced', 'Boost__base_estimator__max_depth': 6, 'Boost__n_estimators': 2}",114,0.9483282674772037,0.9875776397515528,0.9658385093167702,0.9922779922779923,0.9627329192546584,0.9915057915057915,0.9409937888198758,0.9891891891891892,0.9316770186335404,0.9938223938223938,0.0008389361272269854,0.00024541801011724706,0.012876620820095063,0.002225666529527071
0.050534391403198244,0.0016042709350585938,0.9616573902288188,0.9987644787644788,balanced,6,5,"{'Boost__base_estimator__class_weight': 'balanced', 'Boost__base_estimator__max_depth': 6, 'Boost__n_estimators': 5}",53,0.9665653495440729,1.0,0.984472049689441,0.9976833976833976,0.9472049689440993,1.0,0.9627329192546584,1.0,0.9472049689440993,0.9961389961389961,0.004003030234497051,0.00020065313283027458,0.013855315754037565,0.0015900587090327443
0.10588159561157226,0.002306032180786133,0.9715522572665429,0.99984555984556,balanced,6,10,"{'Boost__base_estimator__class_weight': 'balanced', 'Boost__base_estimator__max_depth': 6, 'Boost__n_estimators': 10}",31,0.9756838905775076,1.0,0.9875776397515528,0.9992277992277993,0.9658385093167702,1.0,0.9720496894409938,1.0,0.9565217391304348,1.0,0.005047363519830025,0.00024570995407114396,0.010302985600253754,0.00030888030888029936
0.1981271266937256,0.0038097381591796877,0.9777365491651205,1.0,balanced,6,20,"{'Boost__base_estimator__class_weight': 'balanced', 'Boost__base_estimator__max_depth': 6, 'Boost__n_estimators': 20}",19,0.9848024316109423,1.0,0.9875776397515528,1.0,0.9720496894409938,1.0,0.984472049689441,1.0,0.9596273291925466,1.0,0.0045883795789294695,0.0005116419023183321,0.010498706224270108,0.0
0.3037075996398926,0.00521383285522461,0.9764996907854051,1.0,balanced,6,30,"{'Boost__base_estimator__class_weight': 'balanced', 'Boost__base_estimator__max_depth': 6, 'Boost__n_estimators': 30}",21,0.9787234042553191,1.0,0.9875776397515528,1.0,0.9720496894409938,1.0,0.984472049689441,1.0,0.9596273291925466,1.0,0.007281571419535424,0.000511492366520938,0.009936443922801503,0.0
0.40527758598327634,0.007118988037109375,0.9783549783549783,1.0,balanced,6,40,"{'Boost__base_estimator__class_weight': 'balanced', 'Boost__base_estimator__max_depth': 6, 'Boost__n_estimators': 40}",17,0.9787234042553191,1.0,0.9875776397515528,1.0,0.9813664596273292,1.0,0.984472049689441,1.0,0.9596273291925466,1.0,0.005817764993888528,0.0007369091243089341,0.009801226934557913,0.0
0.5106582164764404,0.008823156356811523,0.9795918367346939,1.0,balanced,6,50,"{'Boost__base_estimator__class_weight': 'balanced', 'Boost__base_estimator__max_depth': 6, 'Boost__n_estimators': 50}",13,0.9787234042553191,1.0,0.9875776397515528,1.0,0.9813664596273292,1.0,0.9875776397515528,1.0,0.9627329192546584,1.0,0.006054180808899799,0.0009298810334844686,0.009098236477688208,0.0
1.0305403232574464,0.017446422576904298,0.9820655534941249,1.0,balanced,6,100,"{'Boost__base_estimator__class_weight': 'balanced', 'Boost__base_estimator__max_depth': 6, 'Boost__n_estimators': 100}",5,0.9787234042553191,1.0,0.9906832298136646,1.0,0.984472049689441,1.0,0.9906832298136646,1.0,0.9658385093167702,1.0,0.011777187422352293,0.0005845658452703885,0.009243292767212943,0.0
0.009525442123413086,0.0005013942718505859,0.9264069264069265,0.9482012758099714,balanced,7,1,"{'Boost__base_estimator__class_weight': 'balanced', 'Boost__base_estimator__max_depth': 7, 'Boost__n_estimators': 1}",146,0.9270516717325228,0.9433229813664596,0.9565217391304348,0.9428571428571428,0.9099378881987578,0.9528957528957529,0.9316770186335404,0.9467181467181467,0.906832298136646,0.9552123552123553,0.0007091460527805294,2.611744678045111e-07,0.01779109275960674,0.005014988237146351
0.020253849029541016,0.0010025978088378906,0.9523809523809523,0.9935067987241901,balanced,7,2,"{'Boost__base_estimator__class_weight': 'balanced', 'Boost__base_estimator__max_depth': 7, 'Boost__n_estimators': 2}",75,0.9483282674772037,0.9937888198757764,0.9720496894409938,0.9922779922779923,0.9596273291925466,0.9922779922779923,0.9503105590062112,0.9899613899613899,0.9316770186335404,0.9992277992277993,0.0009822799673251507,9.536743164062499e-08,0.013305946232422105,0.0031112452989763752
0.054645347595214847,0.0013034820556640625,0.9641311069882499,0.9992261205304684,balanced,7,5,"{'Boost__base_estimator__class_weight': 'balanced', 'Boost__base_estimator__max_depth': 7, 'Boost__n_estimators': 5}",46,0.9604863221884499,0.9984472049689441,0.9751552795031055,0.9992277992277993,0.9596273291925466,0.9984555984555985,0.9720496894409938,1.0,0.953416149068323,1.0,0.0027823159682960905,0.0002455154096464311,0.008142023969940739,0.0006925598031356192
0.10858874320983887,0.002105569839477539,0.9752628324056896,1.0,balanced,7,10,"{'Boost__base_estimator__class_weight': 'balanced', 'Boost__base_estimator__max_depth': 7, 'Boost__n_estimators': 10}",24,0.9817629179331308,1.0,0.9875776397515528,1.0,0.9751552795031055,1.0,0.9813664596273292,1.0,0.9503105590062112,1.0,0.0038907801095178986,0.00037496718683802934,0.013046117043157501,0.0
0.22389569282531738,0.0036094188690185547,0.9764996907854051,1.0,balanced,7,20,"{'Boost__base_estimator__class_weight': 'balanced', 'Boost__base_estimator__max_depth': 7, 'Boost__n_estimators': 20}",21,0.9787234042553191,1.0,0.9875776397515528,1.0,0.9751552795031055,1.0,0.984472049689441,1.0,0.9565217391304348,1.0,0.01463175083702403,0.0004911475505360125,0.010859962858702592,0.0
0.34140791893005373,0.0060160160064697266,0.9789734075448361,1.0,balanced,7,30,"{'Boost__base_estimator__class_weight': 'balanced', 'Boost__base_estimator__max_depth': 7, 'Boost__n_estimators': 30}",16,0.9756838905775076,1.0,0.9906832298136646,1.0,0.984472049689441,1.0,0.9906832298136646,1.0,0.953416149068323,1.0,0.006552019438938315,0.0005491629028418674,0.013888923892645184,0.0
0.43305168151855467,0.007419776916503906,0.9795918367346939,1.0,balanced,7,40,"{'Boost__base_estimator__class_weight': 'balanced', 'Boost__base_estimator__max_depth': 7, 'Boost__n_estimators': 40}",13,0.9817629179331308,1.0,0.9875776397515528,1.0,0.9813664596273292,1.0,0.9937888198757764,1.0,0.953416149068323,1.0,0.009273385961988812,0.000584614906829722,0.01381528269455408,0.0
0.5504637718200683,0.00972590446472168,0.9814471243042672,1.0,balanced,7,50,"{'Boost__base_estimator__class_weight': 'balanced', 'Boost__base_estimator__max_depth': 7, 'Boost__n_estimators': 50}",7,0.9817629179331308,1.0,0.9875776397515528,1.0,0.984472049689441,1.0,0.9937888198757764,1.0,0.9596273291925466,1.0,0.01694750702384654,0.0002453011167097866,0.01159597350898145,0.0
1.114764356613159,0.017245912551879884,0.9808286951144094,1.0,balanced,7,100,"{'Boost__base_estimator__class_weight': 'balanced', 'Boost__base_estimator__max_depth': 7, 'Boost__n_estimators': 100}",9,0.9787234042553191,1.0,0.9875776397515528,1.0,0.9906832298136646,1.0,0.9875776397515528,1.0,0.9596273291925466,1.0,0.03283739000387044,0.0016044944705639616,0.011308887158282772,0.0
0.01072835922241211,0.0007018566131591797,0.9319727891156463,0.9622645626993453,balanced,8,1,"{'Boost__base_estimator__class_weight': 'balanced', 'Boost__base_estimator__max_depth': 8, 'Boost__n_estimators': 1}",145,0.9179331306990881,0.9518633540372671,0.968944099378882,0.9606177606177606,0.9192546583850931,0.9683397683397683,0.9347826086956522,0.9567567567567568,0.9192546583850931,0.9737451737451738,0.0010325128307375586,0.0002456126316900211,0.019449668031426254,0.007873316691055211
0.02215919494628906,0.0010024070739746093,0.9567099567099567,0.9961364780929998,balanced,8,2,"{'Boost__base_estimator__class_weight': 'balanced', 'Boost__base_estimator__max_depth': 8, 'Boost__n_estimators': 2}",66,0.9544072948328267,0.9976708074534162,0.9782608695652174,0.9976833976833976,0.9596273291925466,0.9907335907335907,0.9503105590062112,0.9969111969111969,0.9409937888198758,0.9976833976833976,0.0025246748740023403,1.9073486328125e-07,0.012353163512810197,0.0027177736509974675
0.05444478988647461,0.0015036582946777344,0.9628942486085343,0.9998447204968943,balanced,8,5,"{'Boost__base_estimator__class_weight': 'balanced', 'Boost__base_estimator__max_depth': 8, 'Boost__n_estimators': 5}",47,0.9483282674772037,0.9992236024844721,0.9813664596273292,1.0,0.9751552795031055,1.0,0.9565217391304348,1.0,0.953416149068323,1.0,0.004177725049617902,1.784161275279017e-07,0.012923991481710391,0.00031055900621117515
0.11219820976257325,0.0020052433013916016,0.9678416821273964,1.0,balanced,8,10,"{'Boost__base_estimator__class_weight': 'balanced', 'Boost__base_estimator__max_depth': 8, 'Boost__n_estimators': 10}",35,0.9574468085106383,1.0,0.984472049689441,1.0,0.9720496894409938,1.0,0.9751552795031055,1.0,0.9503105590062112,1.0,0.0042473916770437384,0.00031688348154784794,0.012346610328422927,0.0
0.2271040439605713,0.0038100242614746093,0.9795918367346939,1.0,balanced,8,20,"{'Boost__base_estimator__class_weight': 'balanced', 'Boost__base_estimator__max_depth': 8, 'Boost__n_estimators': 20}",13,0.9848024316109423,1.0,0.984472049689441,1.0,0.9782608695652174,1.0,0.9875776397515528,1.0,0.9627329192546584,1.0,0.012312833105990682,0.0006012440200498267,0.008939656451292136,0.0
0.3550441265106201,0.0056149005889892575,0.9808286951144094,1.0,balanced,8,30,"{'Boost__base_estimator__class_weight': 'balanced', 'Boost__base_estimator__max_depth': 8, 'Boost__n_estimators': 30}",9,0.9817629179331308,1.0,0.984472049689441,1.0,0.9813664596273292,1.0,0.9875776397515528,1.0,0.968944099378882,1.0,0.01437484466985383,0.0007368961835875282,0.006330491922337881,0.0
0.4567148208618164,0.007720422744750976,0.9839208410636983,1.0,balanced,8,40,"{'Boost__base_estimator__class_weight': 'balanced', 'Boost__base_estimator__max_depth': 8, 'Boost__n_estimators': 40}",1,0.9878419452887538,1.0,0.9875776397515528,1.0,0.9813664596273292,1.0,0.9906832298136646,1.0,0.9720496894409938,1.0,0.013751249637174633,0.000245807839173952,0.0066527936353547,0.0
0.5677116870880127,0.008622884750366211,0.9826839826839827,1.0,balanced,8,50,"{'Boost__base_estimator__class_weight': 'balanced', 'Boost__base_estimator__max_depth': 8, 'Boost__n_estimators': 50}",3,0.9878419452887538,1.0,0.9906832298136646,1.0,0.9813664596273292,1.0,0.9906832298136646,1.0,0.9627329192546584,1.0,0.01059182782707259,0.0009722543381059164,0.010512252953045633,0.0
1.1383270263671874,0.016443777084350585,0.9833024118738405,1.0,balanced,8,100,"{'Boost__base_estimator__class_weight': 'balanced', 'Boost__base_estimator__max_depth': 8, 'Boost__n_estimators': 100}",2,0.9817629179331308,1.0,0.9906832298136646,1.0,0.984472049689441,1.0,0.9906832298136646,1.0,0.968944099378882,1.0,0.02049137498997251,0.0012843225831728532,0.007968979432484365,0.0
0.010227060317993164,0.0006014823913574219,0.9375386518243661,0.9695433943260031,balanced,9,1,"{'Boost__base_estimator__class_weight': 'balanced', 'Boost__base_estimator__max_depth': 9, 'Boost__n_estimators': 1}",144,0.9270516717325228,0.9704968944099379,0.968944099378882,0.9613899613899614,0.9285714285714286,0.9737451737451738,0.9409937888198758,0.9652509652509652,0.922360248447205,0.9768339768339769,0.000511258401352147,0.00020041474268147025,0.01682408643428134,0.005596786971285653
0.021958208084106444,0.0009024143218994141,0.9424860853432282,0.9928915561524256,balanced,9,2,"{'Boost__base_estimator__class_weight': 'balanced', 'Boost__base_estimator__max_depth': 9, 'Boost__n_estimators': 2}",143,0.9452887537993921,0.9961180124223602,0.968944099378882,1.0,0.9409937888198758,0.9984555984555985,0.9440993788819876,0.9976833976833976,0.9130434782608695,0.9722007722007722,0.0015010754413589016,0.0002003908937421167,0.017736461053481308,0.010420833426740531
0.0590571403503418,0.0016041278839111328,0.9622758194186766,1.0,balanced,9,5,"{'Boost__base_estimator__class_weight': 'balanced', 'Boost__base_estimator__max_depth': 9, 'Boost__n_estimators': 5}",49,0.9544072948328267,1.0,0.9782608695652174,1.0,0.968944099378882,1.0,0.9503105590062112,1.0,0.9596273291925466,1.0,0.00561311449846905,0.00020048648795872382,0.010111446323481876,0.0
0.11600894927978515,0.0021052837371826174,0.9709338280766853,1.0,balanced,9,10,"{'Boost__base_estimator__class_weight': 'balanced', 'Boost__base_estimator__max_depth': 9, 'Boost__n_estimators': 10}",32,0.9604863221884499,1.0,0.984472049689441,1.0,0.9751552795031055,1.0,0.9751552795031055,1.0,0.9596273291925466,1.0,0.011579055302074075,0.00037517156705579847,0.009553020068383457,0.0
0.22640209197998046,0.0037097930908203125,0.9764996907854051,1.0,balanced,9,20,"{'Boost__base_estimator__class_weight': 'balanced', 'Boost__base_estimator__max_depth': 9, 'Boost__n_estimators': 20}",21,0.9665653495440729,1.0,0.9875776397515528,1.0,0.9751552795031055,1.0,0.984472049689441,1.0,0.968944099378882,1.0,0.01550598171790902,0.000511623139405136,0.008300753912661111,0.0
0.3506320476531982,0.005314254760742187,0.9777365491651205,1.0,balanced,9,30,"{'Boost__base_estimator__class_weight': 'balanced', 'Boost__base_estimator__max_depth': 9, 'Boost__n_estimators': 30}",19,0.9696048632218845,1.0,0.9906832298136646,1.0,0.9782608695652174,1.0,0.9875776397515528,1.0,0.9627329192546584,1.0,0.015864890757412542,0.0004010916145960509,0.010535617690242303,0.0
0.4710526943206787,0.0070187091827392575,0.9808286951144094,1.0,balanced,9,40,"{'Boost__base_estimator__class_weight': 'balanced', 'Boost__base_estimator__max_depth': 9, 'Boost__n_estimators': 40}",9,0.9726443768996961,1.0,0.9906832298136646,1.0,0.9813664596273292,1.0,0.9906832298136646,1.0,0.968944099378882,1.0,0.018495360045802704,0.000634106088662834,0.008971576983863699,0.0
0.5779367446899414,0.008823347091674805,0.9820655534941249,1.0,balanced,9,50,"{'Boost__base_estimator__class_weight': 'balanced', 'Boost__base_estimator__max_depth': 9, 'Boost__n_estimators': 50}",5,0.9787234042553191,1.0,0.9906832298136646,1.0,0.984472049689441,1.0,0.9906832298136646,1.0,0.9658385093167702,1.0,0.023175385232544293,0.0005112304001719198,0.009243292767212943,0.0
1.1470504760742188,0.01483917236328125,0.9826839826839827,1.0,balanced,9,100,"{'Boost__base_estimator__class_weight': 'balanced', 'Boost__base_estimator__max_depth': 9, 'Boost__n_estimators': 100}",3,0.9817629179331308,1.0,0.9906832298136646,1.0,0.9813664596273292,1.0,0.9906832298136646,1.0,0.968944099378882,1.0,0.02687280331274287,0.0006795407663218998,0.007974715652935544,0.0
0.011931800842285156,0.0006017684936523438,0.9455782312925171,0.9785109954675173,balanced,10,1,"{'Boost__base_estimator__class_weight': 'balanced', 'Boost__base_estimator__max_depth': 10, 'Boost__n_estimators': 1}",142,0.939209726443769,0.9798136645962733,0.9782608695652174,0.9737451737451738,0.9285714285714286,0.9814671814671815,0.9472049689440993,0.9722007722007722,0.9347826086956522,0.9853281853281853,0.0010227225178948227,0.00020051016677143834,0.01738646581785225,0.004887576791935907
0.023462533950805664,0.0010027408599853516,0.9523809523809523,1.0,balanced,10,2,"{'Boost__base_estimator__class_weight': 'balanced', 'Boost__base_estimator__max_depth': 10, 'Boost__n_estimators': 2}",75,0.9452887537993921,1.0,0.968944099378882,1.0,0.9565217391304348,1.0,0.9565217391304348,1.0,0.9347826086956522,1.0,0.002317335436954269,2.78041453115716e-07,0.011548378862705261,0.0
0.051838016510009764,0.0011027336120605468,0.9579468150896723,1.0,balanced,10,5,"{'Boost__base_estimator__class_weight': 'balanced', 'Boost__base_estimator__max_depth': 10, 'Boost__n_estimators': 5}",63,0.9422492401215805,1.0,0.9627329192546584,1.0,0.9565217391304348,1.0,0.9627329192546584,1.0,0.9658385093167702,1.0,0.016125679122287028,0.00020048637454771936,0.008489137858116173,0.0
0.09505300521850586,0.001804685592651367,0.9703153988868275,1.0,balanced,10,10,"{'Boost__base_estimator__class_weight': 'balanced', 'Boost__base_estimator__max_depth': 10, 'Boost__n_estimators': 10}",33,0.9635258358662614,1.0,0.984472049689441,1.0,0.9565217391304348,1.0,0.9937888198757764,1.0,0.953416149068323,1.0,0.03796752263481021,0.000679955552555367,0.015930132009101226,0.0
0.1852928638458252,0.0031084060668945313,0.9721706864564007,1.0,balanced,10,20,"{'Boost__base_estimator__class_weight': 'balanced', 'Boost__base_estimator__max_depth': 10, 'Boost__n_estimators': 20}",30,0.9696048632218845,1.0,0.9875776397515528,1.0,0.9565217391304348,1.0,0.984472049689441,1.0,0.9627329192546584,1.0,0.08175036802028546,0.001160852893886347,0.012051786627104164,0.0
0.2902719974517822,0.005013322830200196,0.9734075448361162,1.0,balanced,10,30,"{'Boost__base_estimator__class_weight': 'balanced', 'Boost__base_estimator__max_depth': 10, 'Boost__n_estimators': 30}",27,0.9756838905775076,1.0,0.9906832298136646,1.0,0.9565217391304348,1.0,0.9875776397515528,1.0,0.9565217391304348,1.0,0.13422289076060473,0.0022641930911806787,0.014629718722629373,0.0
0.39545178413391113,0.006216621398925782,0.9734075448361162,1.0,balanced,10,40,"{'Boost__base_estimator__class_weight': 'balanced', 'Boost__base_estimator__max_depth': 10, 'Boost__n_estimators': 40}",27,0.9787234042553191,1.0,0.9906832298136646,1.0,0.9565217391304348,1.0,0.984472049689441,1.0,0.9565217391304348,1.0,0.18635069087085798,0.0027932025787679813,0.014251950676962541,0.0
0.4751636028289795,0.0065174102783203125,0.9746444032158318,1.0,balanced,10,50,"{'Boost__base_estimator__class_weight': 'balanced', 'Boost__base_estimator__max_depth': 10, 'Boost__n_estimators': 50}",26,0.9848024316109423,1.0,0.9906832298136646,1.0,0.9565217391304348,1.0,0.984472049689441,1.0,0.9565217391304348,1.0,0.22795223866596104,0.0028359771546272454,0.014908289838492022,0.0
0.9535356998443604,0.014438152313232422,0.9752628324056896,1.0,balanced,10,100,"{'Boost__base_estimator__class_weight': 'balanced', 'Boost__base_estimator__max_depth': 10, 'Boost__n_estimators': 100}",24,0.9817629179331308,1.0,0.9906832298136646,1.0,0.9565217391304348,1.0,0.984472049689441,1.0,0.9627329192546584,1.0,0.46423168449734387,0.0068694309518018285,0.013192510943563746,0.0
0.01072845458984375,0.0007017135620117187,0.9474335188620903,0.9863933187846232,balanced,11,1,"{'Boost__base_estimator__class_weight': 'balanced', 'Boost__base_estimator__max_depth': 11, 'Boost__n_estimators': 1}",141,0.9331306990881459,0.985248447204969,0.968944099378882,0.9806949806949807,0.9347826086956522,0.9868725868725868,0.9627329192546584,0.9891891891891892,0.937888198757764,0.9899613899613899,0.000601617594689895,0.0002455347182296647,0.015178568947894265,0.0033033167895166224
0.023261833190917968,0.0008024215698242187,0.9511440940012369,1.0,balanced,11,2,"{'Boost__base_estimator__class_weight': 'balanced', 'Boost__base_estimator__max_depth': 11, 'Boost__n_estimators': 2}",89,0.939209726443769,1.0,0.9627329192546584,1.0,0.9596273291925466,1.0,0.9596273291925466,1.0,0.9347826086956522,1.0,0.002793214613287789,0.0002458852129810628,0.011734238222459305,0.0
0.04131007194519043,0.0010023117065429688,0.9622758194186766,1.0,balanced,11,5,"{'Boost__base_estimator__class_weight': 'balanced', 'Boost__base_estimator__max_depth': 11, 'Boost__n_estimators': 5}",49,0.939209726443769,1.0,0.9782608695652174,1.0,0.9658385093167702,1.0,0.968944099378882,1.0,0.9596273291925466,1.0,0.013960455338830053,0.00031710961681286054,0.013111587423204,0.0
0.06206502914428711,0.0013034820556640625,0.9647495361781077,1.0,balanced,11,10,"{'Boost__base_estimator__class_weight': 'balanced', 'Boost__base_estimator__max_depth': 11, 'Boost__n_estimators': 10}",45,0.939209726443769,1.0,0.9875776397515528,1.0,0.9658385093167702,1.0,0.968944099378882,1.0,0.9627329192546584,1.0,0.040128491454089504,0.0006014268535572086,0.015525406531032742,0.0
0.1153069019317627,0.0022057533264160157,0.9659863945578231,1.0,balanced,11,20,"{'Boost__base_estimator__class_weight': 'balanced', 'Boost__base_estimator__max_depth': 11, 'Boost__n_estimators': 20}",41,0.939209726443769,1.0,0.9875776397515528,1.0,0.9658385093167702,1.0,0.968944099378882,1.0,0.968944099378882,1.0,0.10046047313228944,0.0012916362695946978,0.015562848081441955,0.0
0.15471129417419432,0.0027073383331298827,0.9653679653679653,1.0,balanced,11,30,"{'Boost__base_estimator__class_weight': 'balanced', 'Boost__base_estimator__max_depth': 11, 'Boost__n_estimators': 30}",44,0.939209726443769,1.0,0.9906832298136646,1.0,0.9658385093167702,1.0,0.968944099378882,1.0,0.9627329192546584,1.0,0.15227942365331842,0.002321382354247249,0.01645635172311707,0.0
0.21697683334350587,0.003509378433227539,0.9659863945578231,1.0,balanced,11,40,"{'Boost__base_estimator__class_weight': 'balanced', 'Boost__base_estimator__max_depth': 11, 'Boost__n_estimators': 40}",41,0.939209726443769,1.0,0.9906832298136646,1.0,0.9658385093167702,1.0,0.968944099378882,1.0,0.9658385093167702,1.0,0.22651516482462528,0.002940387435325034,0.016403977141292037,0.0
0.2552786350250244,0.0037099838256835936,0.9666048237476809,1.0,balanced,11,50,"{'Boost__base_estimator__class_weight': 'balanced', 'Boost__base_estimator__max_depth': 11, 'Boost__n_estimators': 50}",37,0.939209726443769,1.0,0.9906832298136646,1.0,0.9658385093167702,1.0,0.968944099378882,1.0,0.968944099378882,1.0,0.2747147778687814,0.003319394475940203,0.01644523292129586,0.0
0.4963199615478516,0.007119083404541015,0.9659863945578231,1.0,balanced,11,100,"{'Boost__base_estimator__class_weight': 'balanced', 'Boost__base_estimator__max_depth': 11, 'Boost__n_estimators': 100}",41,0.939209726443769,1.0,0.9906832298136646,1.0,0.9658385093167702,1.0,0.968944099378882,1.0,0.9658385093167702,1.0,0.5702582802182429,0.0077624347150024794,0.016403977141292037,0.0
0.011831712722778321,0.0006015777587890625,0.9486703772418058,0.9925793184488837,balanced,12,1,"{'Boost__base_estimator__class_weight': 'balanced', 'Boost__base_estimator__max_depth': 12, 'Boost__n_estimators': 1}",127,0.939209726443769,0.9930124223602484,0.9751552795031055,0.9884169884169884,0.9347826086956522,0.9922779922779923,0.9596273291925466,0.9945945945945946,0.9347826086956522,0.9945945945945946,0.0011692583684759766,0.00020072467962314023,0.016081496633776473,0.002268305254619134
0.024064254760742188,0.000902557373046875,0.9579468150896723,1.0,balanced,12,2,"{'Boost__base_estimator__class_weight': 'balanced', 'Boost__base_estimator__max_depth': 12, 'Boost__n_estimators': 2}",63,0.9574468085106383,1.0,0.9627329192546584,1.0,0.9658385093167702,1.0,0.9565217391304348,1.0,0.9472049689440993,1.0,0.0011433549177359429,0.00020046273829441705,0.006355800409481247,0.0
0.03469209671020508,0.0012032508850097657,0.9616573902288188,1.0,balanced,12,5,"{'Boost__base_estimator__class_weight': 'balanced', 'Boost__base_estimator__max_depth': 12, 'Boost__n_estimators': 5}",53,0.9574468085106383,1.0,0.9720496894409938,1.0,0.9658385093167702,1.0,0.9565217391304348,1.0,0.9565217391304348,1.0,0.013894704399978777,0.0002453207572861164,0.006252933606246793,0.0
0.05965886116027832,0.0015038490295410157,0.9622758194186766,1.0,balanced,12,10,"{'Boost__base_estimator__class_weight': 'balanced', 'Boost__base_estimator__max_depth': 12, 'Boost__n_estimators': 10}",49,0.9574468085106383,1.0,0.9782608695652174,1.0,0.9658385093167702,1.0,0.9565217391304348,1.0,0.953416149068323,1.0,0.042467519103637434,0.000896894704186894,0.008965452558487163,0.0
0.10317435264587402,0.0022063255310058594,0.9628942486085343,1.0,balanced,12,20,"{'Boost__base_estimator__class_weight': 'balanced', 'Boost__base_estimator__max_depth': 12, 'Boost__n_estimators': 20}",47,0.9574468085106383,1.0,0.9813664596273292,1.0,0.9658385093167702,1.0,0.9565217391304348,1.0,0.953416149068323,1.0,0.0956888726590375,0.0014735391027758296,0.010084082292686803,0.0
0.15571413040161133,0.002606821060180664,0.9666048237476809,1.0,balanced,12,30,"{'Boost__base_estimator__class_weight': 'balanced', 'Boost__base_estimator__max_depth': 12, 'Boost__n_estimators': 30}",37,0.9574468085106383,1.0,0.9906832298136646,1.0,0.9658385093167702,1.0,0.9565217391304348,1.0,0.9627329192546584,1.0,0.16495747203547895,0.0024022797185238544,0.012484560469000507,0.0
0.20624823570251466,0.003208780288696289,0.9666048237476809,1.0,balanced,12,40,"{'Boost__base_estimator__class_weight': 'balanced', 'Boost__base_estimator__max_depth': 12, 'Boost__n_estimators': 40}",37,0.9574468085106383,1.0,0.9875776397515528,1.0,0.9658385093167702,1.0,0.9565217391304348,1.0,0.9658385093167702,1.0,0.2265745317496002,0.0029161629499136954,0.011186368908893352,0.0
0.2566824436187744,0.003910541534423828,0.9666048237476809,1.0,balanced,12,50,"{'Boost__base_estimator__class_weight': 'balanced', 'Boost__base_estimator__max_depth': 12, 'Boost__n_estimators': 50}",37,0.9574468085106383,1.0,0.9906832298136646,1.0,0.9658385093167702,1.0,0.9565217391304348,1.0,0.9627329192546584,1.0,0.28326853748086217,0.0036484122922694545,0.012484560469000507,0.0
0.5003304481506348,0.006918144226074219,0.9672232529375386,1.0,balanced,12,100,"{'Boost__base_estimator__class_weight': 'balanced', 'Boost__base_estimator__max_depth': 12, 'Boost__n_estimators': 100}",36,0.9574468085106383,1.0,0.9906832298136646,1.0,0.9658385093167702,1.0,0.9565217391304348,1.0,0.9658385093167702,1.0,0.58555711230093,0.007458671276060218,0.012353679025689115,0.0
0.011731147766113281,0.0007019519805908203,0.9505256648113791,0.9956689608863523,balanced,13,1,"{'Boost__base_estimator__class_weight': 'balanced', 'Boost__base_estimator__max_depth': 13, 'Boost__n_estimators': 1}",91,0.9361702127659575,0.9937888198757764,0.968944099378882,0.9922779922779923,0.9472049689440993,0.9976833976833976,0.9627329192546584,0.9984555984555985,0.937888198757764,0.9961389961389961,0.0012116621816142855,0.00024563202519765014,0.013158898660654261,0.0023271371258645275
0.021356725692749025,0.0011029720306396484,0.948051948051948,1.0,balanced,13,2,"{'Boost__base_estimator__class_weight': 'balanced', 'Boost__base_estimator__max_depth': 13, 'Boost__n_estimators': 2}",137,0.939209726443769,1.0,0.9565217391304348,1.0,0.9503105590062112,1.0,0.953416149068323,1.0,0.9409937888198758,1.0,0.0006801453787679075,0.00020036703061625472,0.006845389998403662,0.0
0.030381059646606444,0.0007017612457275391,0.948051948051948,1.0,balanced,13,5,"{'Boost__base_estimator__class_weight': 'balanced', 'Boost__base_estimator__max_depth': 13, 'Boost__n_estimators': 5}",137,0.939209726443769,1.0,0.9565217391304348,1.0,0.9503105590062112,1.0,0.953416149068323,1.0,0.9409937888198758,1.0,0.014961992500443956,0.00024539865528920313,0.006845389998403662,0.0
0.04151053428649902,0.001102781295776367,0.9499072356215214,1.0,balanced,13,10,"{'Boost__base_estimator__class_weight': 'balanced', 'Boost__base_estimator__max_depth': 13, 'Boost__n_estimators': 10}",114,0.939209726443769,1.0,0.9565217391304348,1.0,0.9503105590062112,1.0,0.953416149068323,1.0,0.9503105590062112,1.0,0.036660317108870515,0.00020058162853122015,0.005874753612284155,0.0
0.06617593765258789,0.001403951644897461,0.9505256648113791,1.0,balanced,13,20,"{'Boost__base_estimator__class_weight': 'balanced', 'Boost__base_estimator__max_depth': 13, 'Boost__n_estimators': 20}",91,0.939209726443769,1.0,0.9565217391304348,1.0,0.9503105590062112,1.0,0.953416149068323,1.0,0.953416149068323,1.0,0.08749061695838661,0.0015661188592317743,0.006045636177972383,0.0
0.08923711776733398,0.0020052909851074217,0.9511440940012369,1.0,balanced,13,30,"{'Boost__base_estimator__class_weight': 'balanced', 'Boost__base_estimator__max_depth': 13, 'Boost__n_estimators': 30}",89,0.939209726443769,1.0,0.9565217391304348,1.0,0.9503105590062112,1.0,0.953416149068323,1.0,0.9565217391304348,1.0,0.13586324023682478,0.0020053625128070803,0.00645468584474252,0.0
0.11109504699707032,0.001905202865600586,0.9517625231910947,1.0,balanced,13,40,"{'Boost__base_estimator__class_weight': 'balanced', 'Boost__base_estimator__max_depth': 13, 'Boost__n_estimators': 40}",85,0.939209726443769,1.0,0.9565217391304348,1.0,0.9503105590062112,1.0,0.953416149068323,1.0,0.9596273291925466,1.0,0.1763193941237004,0.0023172321893724984,0.007060629410950424,0.0
0.14007253646850587,0.0025067806243896486,0.9517625231910947,1.0,balanced,13,50,"{'Boost__base_estimator__class_weight': 'balanced', 'Boost__base_estimator__max_depth': 13, 'Boost__n_estimators': 50}",85,0.939209726443769,1.0,0.9565217391304348,1.0,0.9503105590062112,1.0,0.953416149068323,1.0,0.9596273291925466,1.0,0.23577873565401083,0.003516289962872496,0.007060629410950424,0.0
0.2540755748748779,0.0038100719451904298,0.9529993815708101,1.0,balanced,13,100,"{'Boost__base_estimator__class_weight': 'balanced', 'Boost__base_estimator__max_depth': 13, 'Boost__n_estimators': 100}",69,0.939209726443769,1.0,0.9565217391304348,1.0,0.9503105590062112,1.0,0.953416149068323,1.0,0.9658385093167702,1.0,0.4652874301721516,0.00561516285221015,0.008686790064652172,0.0
0.012137317657470703,0.0009026527404785156,0.9517625231910947,0.9973703206311901,balanced,14,1,"{'Boost__base_estimator__class_weight': 'balanced', 'Boost__base_estimator__max_depth': 14, 'Boost__n_estimators': 1}",85,0.9483282674772037,0.9961180124223602,0.968944099378882,0.9945945945945946,0.9409937888198758,0.9984555984555985,0.9627329192546584,1.0,0.937888198757764,0.9976833976833976,0.0013222492397373545,0.00020062936889362864,0.012106880093057845,0.001868902868511506
0.02015347480773926,0.0008021354675292969,0.9505256648113791,1.0,balanced,14,2,"{'Boost__base_estimator__class_weight': 'balanced', 'Boost__base_estimator__max_depth': 14, 'Boost__n_estimators': 2}",91,0.9513677811550152,1.0,0.9751552795031055,1.0,0.9472049689440993,1.0,0.9627329192546584,1.0,0.9161490683229814,1.0,0.0045992444485062674,0.0002457489184932245,0.0197012646404958,0.0
0.027171945571899413,0.00110321044921875,0.9548546691403834,1.0,balanced,14,5,"{'Boost__base_estimator__class_weight': 'balanced', 'Boost__base_estimator__max_depth': 14, 'Boost__n_estimators': 5}",68,0.9513677811550152,1.0,0.9751552795031055,1.0,0.9472049689440993,1.0,0.9627329192546584,1.0,0.937888198757764,1.0,0.015224524187253285,0.00020048637454771936,0.01287926510659122,0.0
0.03749966621398926,0.0010026454925537109,0.95856524427953,1.0,balanced,14,10,"{'Boost__base_estimator__class_weight': 'balanced', 'Boost__base_estimator__max_depth': 14, 'Boost__n_estimators': 10}",62,0.9513677811550152,1.0,0.9751552795031055,1.0,0.9472049689440993,1.0,0.9627329192546584,1.0,0.9565217391304348,1.0,0.038829493143421906,0.0005491194810813207,0.009764093766555765,0.0
0.06507282257080078,0.001504230499267578,0.9604205318491033,1.0,balanced,14,20,"{'Boost__base_estimator__class_weight': 'balanced', 'Boost__base_estimator__max_depth': 14, 'Boost__n_estimators': 20}",57,0.9513677811550152,1.0,0.9751552795031055,1.0,0.9472049689440993,1.0,0.9627329192546584,1.0,0.9658385093167702,1.0,0.09361551644279457,0.0012682875562114418,0.010079590449448252,0.0
0.08773322105407715,0.0017045974731445313,0.9591836734693877,1.0,balanced,14,30,"{'Boost__base_estimator__class_weight': 'balanced', 'Boost__base_estimator__max_depth': 14, 'Boost__n_estimators': 30}",60,0.9513677811550152,1.0,0.9751552795031055,1.0,0.9472049689440993,1.0,0.9627329192546584,1.0,0.9596273291925466,1.0,0.1381738692553602,0.0016656733044549644,0.009713296736830237,0.0
0.11019339561462402,0.0022059917449951173,0.9591836734693877,1.0,balanced,14,40,"{'Boost__base_estimator__class_weight': 'balanced', 'Boost__base_estimator__max_depth': 14, 'Boost__n_estimators': 40}",60,0.9513677811550152,1.0,0.9751552795031055,1.0,0.9472049689440993,1.0,0.9627329192546584,1.0,0.9596273291925466,1.0,0.17985360353174767,0.0029163350912383167,0.009713296736830237,0.0
0.13114848136901855,0.0026070594787597655,0.9604205318491033,1.0,balanced,14,50,"{'Boost__base_estimator__class_weight': 'balanced', 'Boost__base_estimator__max_depth': 14, 'Boost__n_estimators': 50}",57,0.9513677811550152,1.0,0.9751552795031055,1.0,0.9472049689440993,1.0,0.9627329192546584,1.0,0.9658385093167702,1.0,0.22448666264538872,0.0034646852574660306,0.010079590449448252,0.0
0.2510673046112061,0.004111194610595703,0.961038961038961,1.0,balanced,14,100,"{'Boost__base_estimator__class_weight': 'balanced', 'Boost__base_estimator__max_depth': 14, 'Boost__n_estimators': 100}",55,0.9513677811550152,1.0,0.9751552795031055,1.0,0.9472049689440993,1.0,0.9627329192546584,1.0,0.968944099378882,1.0,0.4625447789528513,0.006216454508435017,0.010480340993683186,0.0
0.01213231086730957,0.0008022308349609375,0.9486703772418058,0.9982986402551621,balanced,15,1,"{'Boost__base_estimator__class_weight': 'balanced', 'Boost__base_estimator__max_depth': 15, 'Boost__n_estimators': 1}",127,0.9361702127659575,0.9976708074534162,0.9720496894409938,0.9969111969111969,0.937888198757764,0.9992277992277993,0.9627329192546584,1.0,0.9347826086956522,0.9976833976833976,0.0005848030248433992,0.00024563225661451053,0.015542664747582867,0.0011362797067236417
0.023161697387695312,0.0010027408599853516,0.948051948051948,1.0,balanced,15,2,"{'Boost__base_estimator__class_weight': 'balanced', 'Boost__base_estimator__max_depth': 15, 'Boost__n_estimators': 2}",137,0.9452887537993921,1.0,0.9658385093167702,1.0,0.9472049689440993,1.0,0.9627329192546584,1.0,0.9192546583850931,1.0,0.004864455622352337,2.78041453115716e-07,0.016515239947043084,0.0
0.028375625610351562,0.0009022235870361328,0.948051948051948,1.0,balanced,15,5,"{'Boost__base_estimator__class_weight': 'balanced', 'Boost__base_estimator__max_depth': 15, 'Boost__n_estimators': 5}",137,0.9452887537993921,1.0,0.9658385093167702,1.0,0.9472049689440993,1.0,0.9627329192546584,1.0,0.9192546583850931,1.0,0.014410750680889428,0.00020065307617187498,0.016515239947043084,0.0
0.042813873291015624,0.001203298568725586,0.9505256648113791,1.0,balanced,15,10,"{'Boost__base_estimator__class_weight': 'balanced', 'Boost__base_estimator__max_depth': 15, 'Boost__n_estimators': 10}",91,0.9452887537993921,1.0,0.9782608695652174,1.0,0.9472049689440993,1.0,0.9627329192546584,1.0,0.9192546583850931,1.0,0.043565353870750494,0.000680068090537089,0.019630616547313712,0.0
0.06557440757751465,0.0015039920806884765,0.9529993815708101,1.0,balanced,15,20,"{'Boost__base_estimator__class_weight': 'balanced', 'Boost__base_estimator__max_depth': 15, 'Boost__n_estimators': 20}",69,0.9452887537993921,1.0,0.9906832298136646,1.0,0.9472049689440993,1.0,0.9627329192546584,1.0,0.9192546583850931,1.0,0.09038876513869679,0.0012684006385482983,0.023392078013970752,0.0
0.08853521347045898,0.0018048763275146484,0.9529993815708101,1.0,balanced,15,30,"{'Boost__base_estimator__class_weight': 'balanced', 'Boost__base_estimator__max_depth': 15, 'Boost__n_estimators': 30}",69,0.9452887537993921,1.0,0.9906832298136646,1.0,0.9472049689440993,1.0,0.9627329192546584,1.0,0.9192546583850931,1.0,0.13529422858551501,0.0021174644953550646,0.023392078013970752,0.0
0.11239895820617676,0.0023064613342285156,0.9529993815708101,1.0,balanced,15,40,"{'Boost__base_estimator__class_weight': 'balanced', 'Boost__base_estimator__max_depth': 15, 'Boost__n_estimators': 40}",69,0.9452887537993921,1.0,0.9906832298136646,1.0,0.9472049689440993,1.0,0.9627329192546584,1.0,0.9192546583850931,1.0,0.18176307623232835,0.0028641564574295978,0.023392078013970752,0.0
0.13165006637573243,0.0022059917449951173,0.9529993815708101,1.0,balanced,15,50,"{'Boost__base_estimator__class_weight': 'balanced', 'Boost__base_estimator__max_depth': 15, 'Boost__n_estimators': 50}",69,0.9452887537993921,1.0,0.9906832298136646,1.0,0.9472049689440993,1.0,0.9627329192546584,1.0,0.9192546583850931,1.0,0.22300374641139603,0.0026639747262177716,0.023392078013970752,0.0
0.25327320098876954,0.004010820388793945,0.9529993815708101,1.0,balanced,15,100,"{'Boost__base_estimator__class_weight': 'balanced', 'Boost__base_estimator__max_depth': 15, 'Boost__n_estimators': 100}",69,0.9452887537993921,1.0,0.9906832298136646,1.0,0.9472049689440993,1.0,0.9627329192546584,1.0,0.9192546583850931,1.0,0.46621727662147117,0.006771060366978563,0.023392078013970752,0.0
0.01213231086730957,0.0008021831512451172,0.9492888064316636,0.9986075205640423,balanced,16,1,"{'Boost__base_estimator__class_weight': 'balanced', 'Boost__base_estimator__max_depth': 16, 'Boost__n_estimators': 1}",126,0.939209726443769,0.9976708074534162,0.968944099378882,0.9976833976833976,0.9409937888198758,0.9992277992277993,0.9627329192546584,1.0,0.9347826086956522,0.9984555984555985,0.0016597807681252498,0.00024559310703696014,0.013754963201390264,0.0009031344836137107
0.020655202865600585,0.0010025978088378906,0.9499072356215214,1.0,balanced,16,2,"{'Boost__base_estimator__class_weight': 'balanced', 'Boost__base_estimator__max_depth': 16, 'Boost__n_estimators': 2}",114,0.9361702127659575,1.0,0.9658385093167702,1.0,0.9503105590062112,1.0,0.9627329192546584,1.0,0.9347826086956522,1.0,0.005271498377798985,5.519789172549356e-07,0.012933617130475165,0.0
0.020053386688232422,0.0006016731262207031,0.9499072356215214,1.0,balanced,16,5,"{'Boost__base_estimator__class_weight': 'balanced', 'Boost__base_estimator__max_depth': 16, 'Boost__n_estimators': 5}",114,0.9361702127659575,1.0,0.9658385093167702,1.0,0.9503105590062112,1.0,0.9627329192546584,1.0,0.9347826086956522,1.0,0.0043011334752012355,0.0002005580488520417,0.012933617130475165,0.0
0.02075510025024414,0.0009026527404785156,0.9499072356215214,1.0,balanced,16,10,"{'Boost__base_estimator__class_weight': 'balanced', 'Boost__base_estimator__max_depth': 16, 'Boost__n_estimators': 10}",114,0.9361702127659575,1.0,0.9658385093167702,1.0,0.9503105590062112,1.0,0.9627329192546584,1.0,0.9347826086956522,1.0,0.004434548858265008,0.00020062931222851804,0.012933617130475165,0.0
0.020554780960083008,0.0007016181945800782,0.9499072356215214,1.0,balanced,16,20,"{'Boost__base_estimator__class_weight': 'balanced', 'Boost__base_estimator__max_depth': 16, 'Boost__n_estimators': 20}",114,0.9361702127659575,1.0,0.9658385093167702,1.0,0.9503105590062112,1.0,0.9627329192546584,1.0,0.9347826086956522,1.0,0.00470272255956825,0.00024541801011724706,0.012933617130475165,0.0
0.022259044647216796,0.0009024620056152343,0.9499072356215214,1.0,balanced,16,30,"{'Boost__base_estimator__class_weight': 'balanced', 'Boost__base_estimator__max_depth': 16, 'Boost__n_estimators': 30}",114,0.9361702127659575,1.0,0.9658385093167702,1.0,0.9503105590062112,1.0,0.9627329192546584,1.0,0.9347826086956522,1.0,0.006021143599074977,0.00020065313283027458,0.012933617130475165,0.0
0.019953155517578126,0.0006013870239257813,0.9499072356215214,1.0,balanced,16,40,"{'Boost__base_estimator__class_weight': 'balanced', 'Boost__base_estimator__max_depth': 16, 'Boost__n_estimators': 40}",114,0.9361702127659575,1.0,0.9658385093167702,1.0,0.9503105590062112,1.0,0.9627329192546584,1.0,0.9347826086956522,1.0,0.004533216534614414,0.00020046234130859374,0.012933617130475165,0.0
0.020153284072875977,0.0007022857666015625,0.9499072356215214,1.0,balanced,16,50,"{'Boost__base_estimator__class_weight': 'balanced', 'Boost__base_estimator__max_depth': 16, 'Boost__n_estimators': 50}",114,0.9361702127659575,1.0,0.9658385093167702,1.0,0.9503105590062112,1.0,0.9627329192546584,1.0,0.9347826086956522,1.0,0.005155736632845178,0.0002456515652693388,0.012933617130475165,0.0
0.02005348205566406,0.0006015300750732422,0.9499072356215214,1.0,balanced,16,100,"{'Boost__base_estimator__class_weight': 'balanced', 'Boost__base_estimator__max_depth': 16, 'Boost__n_estimators': 100}",114,0.9361702127659575,1.0,0.9658385093167702,1.0,0.9503105590062112,1.0,0.9627329192546584,1.0,0.9347826086956522,1.0,0.004347536635313655,0.00020062931222851804,0.012933617130475165,0.0
0.011229801177978515,0.000701904296875,0.9499072356215214,0.9995358401880141,balanced,17,1,"{'Boost__base_estimator__class_weight': 'balanced', 'Boost__base_estimator__max_depth': 17, 'Boost__n_estimators': 1}",114,0.9361702127659575,0.9992236024844721,0.9720496894409938,0.9984555984555985,0.9440993788819876,1.0,0.9627329192546584,1.0,0.9347826086956522,1.0,0.0002456321177644204,0.00024576841226502783,0.014867915232799114,0.0006181824289243126
0.015340900421142578,0.0008020877838134765,0.9486703772418058,1.0,balanced,17,2,"{'Boost__base_estimator__class_weight': 'balanced', 'Boost__base_estimator__max_depth': 17, 'Boost__n_estimators': 2}",127,0.9452887537993921,1.0,0.9565217391304348,1.0,0.9440993788819876,1.0,0.9627329192546584,1.0,0.9347826086956522,1.0,0.005348846342997818,0.0002455152707302587,0.009825967430213665,0.0
0.015341043472290039,0.000801992416381836,0.9486703772418058,1.0,balanced,17,5,"{'Boost__base_estimator__class_weight': 'balanced', 'Boost__base_estimator__max_depth': 17, 'Boost__n_estimators': 5}",127,0.9452887537993921,1.0,0.9565217391304348,1.0,0.9440993788819876,1.0,0.9627329192546584,1.0,0.9347826086956522,1.0,0.005928550529274286,0.0002455347645313967,0.009825967430213665,0.0
0.015942192077636717,0.0008024692535400391,0.9486703772418058,1.0,balanced,17,10,"{'Boost__base_estimator__class_weight': 'balanced', 'Boost__base_estimator__max_depth': 17, 'Boost__n_estimators': 10}",127,0.9452887537993921,1.0,0.9565217391304348,1.0,0.9440993788819876,1.0,0.9627329192546584,1.0,0.9347826086956522,1.0,0.005631012802129336,0.0002456322103311559,0.009825967430213665,0.0
0.015641403198242188,0.0006014347076416015,0.9486703772418058,1.0,balanced,17,20,"{'Boost__base_estimator__class_weight': 'balanced', 'Boost__base_estimator__max_depth': 17, 'Boost__n_estimators': 20}",127,0.9452887537993921,1.0,0.9565217391304348,1.0,0.9440993788819876,1.0,0.9627329192546584,1.0,0.9347826086956522,1.0,0.005007090739809838,0.00020055776542557568,0.009825967430213665,0.0
0.015541362762451171,0.0008023262023925781,0.9486703772418058,1.0,balanced,17,30,"{'Boost__base_estimator__class_weight': 'balanced', 'Boost__base_estimator__max_depth': 17, 'Boost__n_estimators': 30}",127,0.9452887537993921,1.0,0.9565217391304348,1.0,0.9440993788819876,1.0,0.9627329192546584,1.0,0.9347826086956522,1.0,0.004745623374814854,0.00024570995407114396,0.009825967430213665,0.0
0.016443634033203126,0.0006016731262207031,0.9486703772418058,1.0,balanced,17,40,"{'Boost__base_estimator__class_weight': 'balanced', 'Boost__base_estimator__max_depth': 17, 'Boost__n_estimators': 40}",127,0.9452887537993921,1.0,0.9565217391304348,1.0,0.9440993788819876,1.0,0.9627329192546584,1.0,0.9347826086956522,1.0,0.00606943888668762,0.00020055793548150335,0.009825967430213665,0.0
0.015240335464477539,0.0007018566131591797,0.9486703772418058,1.0,balanced,17,50,"{'Boost__base_estimator__class_weight': 'balanced', 'Boost__base_estimator__max_depth': 17, 'Boost__n_estimators': 50}",127,0.9452887537993921,1.0,0.9565217391304348,1.0,0.9440993788819876,1.0,0.9627329192546584,1.0,0.9347826086956522,1.0,0.004978887159254019,0.0002460019212695676,0.009825967430213665,0.0
0.01654396057128906,0.000801992416381836,0.9486703772418058,1.0,balanced,17,100,"{'Boost__base_estimator__class_weight': 'balanced', 'Boost__base_estimator__max_depth': 17, 'Boost__n_estimators': 100}",127,0.9452887537993921,1.0,0.9565217391304348,1.0,0.9440993788819876,1.0,0.9627329192546584,1.0,0.9347826086956522,1.0,0.006443864296853844,0.00024563211776442047,0.009825967430213665,0.0
0.011831331253051757,0.0006017684936523438,0.9505256648113791,0.99984555984556,balanced,18,1,"{'Boost__base_estimator__class_weight': 'balanced', 'Boost__base_estimator__max_depth': 18, 'Boost__n_estimators': 1}",91,0.939209726443769,1.0,0.9720496894409938,0.9992277992277993,0.9440993788819876,1.0,0.9627329192546584,1.0,0.9347826086956522,1.0,0.0006013473239937675,0.00020062925556339146,0.014337413325175316,0.00030888030888029936
0.013435697555541993,0.000801992416381836,0.9523809523809523,1.0,balanced,18,2,"{'Boost__base_estimator__class_weight': 'balanced', 'Boost__base_estimator__max_depth': 18, 'Boost__n_estimators': 2}",75,0.939209726443769,1.0,0.9813664596273292,1.0,0.9440993788819876,1.0,0.9627329192546584,1.0,0.9347826086956522,1.0,0.004340669183934998,0.0002458268010613583,0.017299454543175826,0.0
0.013034582138061523,0.0006016254425048828,0.9523809523809523,1.0,balanced,18,5,"{'Boost__base_estimator__class_weight': 'balanced', 'Boost__base_estimator__max_depth': 18, 'Boost__n_estimators': 5}",75,0.939209726443769,1.0,0.9813664596273292,1.0,0.9440993788819876,1.0,0.9627329192546584,1.0,0.9347826086956522,1.0,0.004121757612734721,0.0002005817985669164,0.017299454543175826,0.0
0.012733936309814453,0.0007016658782958984,0.9523809523809523,1.0,balanced,18,10,"{'Boost__base_estimator__class_weight': 'balanced', 'Boost__base_estimator__max_depth': 18, 'Boost__n_estimators': 10}",75,0.939209726443769,1.0,0.9813664596273292,1.0,0.9440993788819876,1.0,0.9627329192546584,1.0,0.9347826086956522,1.0,0.003453074215220772,0.00024537898388307384,0.017299454543175826,0.0
0.013435792922973634,0.0007018566131591797,0.9523809523809523,1.0,balanced,18,20,"{'Boost__base_estimator__class_weight': 'balanced', 'Boost__base_estimator__max_depth': 18, 'Boost__n_estimators': 20}",75,0.939209726443769,1.0,0.9813664596273292,1.0,0.9440993788819876,1.0,0.9627329192546584,1.0,0.9347826086956522,1.0,0.0030313614683190886,0.0002456125854029683,0.017299454543175826,0.0
0.01353592872619629,0.000701904296875,0.9523809523809523,1.0,balanced,18,30,"{'Boost__base_estimator__class_weight': 'balanced', 'Boost__base_estimator__max_depth': 18, 'Boost__n_estimators': 30}",75,0.939209726443769,1.0,0.9813664596273292,1.0,0.9440993788819876,1.0,0.9627329192546584,1.0,0.9347826086956522,1.0,0.003922057082734019,0.0002456710204899875,0.017299454543175826,0.0
0.013736581802368164,0.0007019519805908203,0.9523809523809523,1.0,balanced,18,40,"{'Boost__base_estimator__class_weight': 'balanced', 'Boost__base_estimator__max_depth': 18, 'Boost__n_estimators': 40}",75,0.939209726443769,1.0,0.9813664596273292,1.0,0.9440993788819876,1.0,0.9627329192546584,1.0,0.9347826086956522,1.0,0.0039930435806470495,0.0002456321177644204,0.017299454543175826,0.0
0.012532997131347656,0.0006015777587890625,0.9523809523809523,1.0,balanced,18,50,"{'Boost__base_estimator__class_weight': 'balanced', 'Boost__base_estimator__max_depth': 18, 'Boost__n_estimators': 50}",75,0.939209726443769,1.0,0.9813664596273292,1.0,0.9440993788819876,1.0,0.9627329192546584,1.0,0.9347826086956522,1.0,0.003138843901923362,0.00020060553413569276,0.017299454543175826,0.0
0.014137554168701171,0.0008021354675292969,0.9523809523809523,1.0,balanced,18,100,"{'Boost__base_estimator__class_weight': 'balanced', 'Boost__base_estimator__max_depth': 18, 'Boost__n_estimators': 100}",75,0.939209726443769,1.0,0.9813664596273292,1.0,0.9440993788819876,1.0,0.9627329192546584,1.0,0.9347826086956522,1.0,0.005540988021658094,0.00024555417344847345,0.017299454543175826,0.0
0.010929203033447266,0.0005012989044189453,0.9505256648113791,1.0,balanced,19,1,"{'Boost__base_estimator__class_weight': 'balanced', 'Boost__base_estimator__max_depth': 19, 'Boost__n_estimators': 1}",91,0.939209726443769,1.0,0.9720496894409938,1.0,0.9440993788819876,1.0,0.9627329192546584,1.0,0.9347826086956522,1.0,0.0006651388786101905,1.9073486328125e-07,0.014337413325175316,0.0
0.011129665374755859,0.0008021831512451172,0.9505256648113791,1.0,balanced,19,2,"{'Boost__base_estimator__class_weight': 'balanced', 'Boost__base_estimator__max_depth': 19, 'Boost__n_estimators': 2}",91,0.939209726443769,1.0,0.9720496894409938,1.0,0.9440993788819876,1.0,0.9627329192546584,1.0,0.9347826086956522,1.0,0.0005848602306459202,0.00024549583095208994,0.014337413325175316,0.0
0.011329984664916993,0.0007018089294433594,0.9505256648113791,1.0,balanced,19,5,"{'Boost__base_estimator__class_weight': 'balanced', 'Boost__base_estimator__max_depth': 19, 'Boost__n_estimators': 5}",91,0.939209726443769,1.0,0.9720496894409938,1.0,0.9440993788819876,1.0,0.9627329192546584,1.0,0.9347826086956522,1.0,0.0009299530000069519,0.00024555421974653687,0.014337413325175316,0.0
0.011931610107421876,0.0008023738861083985,0.9505256648113791,1.0,balanced,19,10,"{'Boost__base_estimator__class_weight': 'balanced', 'Boost__base_estimator__max_depth': 19, 'Boost__n_estimators': 10}",91,0.939209726443769,1.0,0.9720496894409938,1.0,0.9440993788819876,1.0,0.9627329192546584,1.0,0.9347826086956522,1.0,0.0016597289151601417,0.00024565151898962216,0.014337413325175316,0.0
0.011731100082397462,0.000701904296875,0.9505256648113791,1.0,balanced,19,20,"{'Boost__base_estimator__class_weight': 'balanced', 'Boost__base_estimator__max_depth': 19, 'Boost__n_estimators': 20}",91,0.939209726443769,1.0,0.9720496894409938,1.0,0.9440993788819876,1.0,0.9627329192546584,1.0,0.9347826086956522,1.0,0.0012522305343801443,0.00024557372897362963,0.014337413325175316,0.0
0.010928964614868164,0.000701904296875,0.9505256648113791,1.0,balanced,19,30,"{'Boost__base_estimator__class_weight': 'balanced', 'Boost__base_estimator__max_depth': 19, 'Boost__n_estimators': 30}",91,0.939209726443769,1.0,0.9720496894409938,1.0,0.9440993788819876,1.0,0.9627329192546584,1.0,0.9347826086956522,1.0,0.0005847211759023508,0.0002455738678567334,0.014337413325175316,0.0
0.010327529907226563,0.0006014347076416015,0.9505256648113791,1.0,balanced,19,40,"{'Boost__base_estimator__class_weight': 'balanced', 'Boost__base_estimator__max_depth': 19, 'Boost__n_estimators': 40}",91,0.939209726443769,1.0,0.9720496894409938,1.0,0.9440993788819876,1.0,0.9627329192546584,1.0,0.9347826086956522,1.0,0.0006016731451158193,0.0002004385207203309,0.014337413325175316,0.0
0.011330080032348634,0.0005014896392822266,0.9505256648113791,1.0,balanced,19,50,"{'Boost__base_estimator__class_weight': 'balanced', 'Boost__base_estimator__max_depth': 19, 'Boost__n_estimators': 50}",91,0.939209726443769,1.0,0.9720496894409938,1.0,0.9440993788819876,1.0,0.9627329192546584,1.0,0.9347826086956522,1.0,0.0014034271321240958,3.8738433859996607e-07,0.014337413325175316,0.0
0.010527896881103515,0.0006017208099365235,0.9505256648113791,1.0,balanced,19,100,"{'Boost__base_estimator__class_weight': 'balanced', 'Boost__base_estimator__max_depth': 19, 'Boost__n_estimators': 100}",91,0.939209726443769,1.0,0.9720496894409938,1.0,0.9440993788819876,1.0,0.9627329192546584,1.0,0.9347826086956522,1.0,0.0005492499968665566,0.00020053400152598972,0.014337413325175316,0.0
0.01072831153869629,0.0008022785186767578,0.9505256648113791,1.0,balanced,20,1,"{'Boost__base_estimator__class_weight': 'balanced', 'Boost__base_estimator__max_depth': 20, 'Boost__n_estimators': 1}",91,0.939209726443769,1.0,0.9720496894409938,1.0,0.9440993788819876,1.0,0.9627329192546584,1.0,0.9347826086956522,1.0,0.00040104390253713673,0.0002456710667660305,0.014337413325175316,0.0
0.01112957000732422,0.0008021354675292969,0.9505256648113791,1.0,balanced,20,2,"{'Boost__base_estimator__class_weight': 'balanced', 'Boost__base_estimator__max_depth': 20, 'Boost__n_estimators': 2}",91,0.939209726443769,1.0,0.9720496894409938,1.0,0.9440993788819876,1.0,0.9627329192546584,1.0,0.9347826086956522,1.0,0.0004907677528016792,0.0002456515652693389,0.014337413325175316,0.0
0.010528039932250977,0.000701904296875,0.9505256648113791,1.0,balanced,20,5,"{'Boost__base_estimator__class_weight': 'balanced', 'Boost__base_estimator__max_depth': 20, 'Boost__n_estimators': 5}",91,0.939209726443769,1.0,0.9720496894409938,1.0,0.9440993788819876,1.0,0.9627329192546584,1.0,0.9347826086956522,1.0,0.0005492934621218019,0.00024567097421393584,0.014337413325175316,0.0
0.011329984664916993,0.0006017684936523438,0.9505256648113791,1.0,balanced,20,10,"{'Boost__base_estimator__class_weight': 'balanced', 'Boost__base_estimator__max_depth': 20, 'Boost__n_estimators': 10}",91,0.939209726443769,1.0,0.9720496894409938,1.0,0.9440993788819876,1.0,0.9627329192546584,1.0,0.9347826086956522,1.0,0.000601522252473833,0.00020027177674422517,0.014337413325175316,0.0
0.010928916931152343,0.0007020473480224609,0.9505256648113791,1.0,balanced,20,20,"{'Boost__base_estimator__class_weight': 'balanced', 'Boost__base_estimator__max_depth': 20, 'Boost__n_estimators': 20}",91,0.939209726443769,1.0,0.9720496894409938,1.0,0.9440993788819876,1.0,0.9627329192546584,1.0,0.9347826086956522,1.0,0.0003750690089507976,0.00024574882597044976,0.014337413325175316,0.0
0.011329936981201171,0.0006017208099365235,0.9505256648113791,1.0,balanced,20,30,"{'Boost__base_estimator__class_weight': 'balanced', 'Boost__base_estimator__max_depth': 20, 'Boost__n_estimators': 30}",91,0.939209726443769,1.0,0.9720496894409938,1.0,0.9440993788819876,1.0,0.9627329192546584,1.0,0.9347826086956522,1.0,0.0008146047058343262,0.00020041479940724808,0.014337413325175316,0.0
0.010828685760498048,0.0007018089294433594,0.9505256648113791,1.0,balanced,20,40,"{'Boost__base_estimator__class_weight': 'balanced', 'Boost__base_estimator__max_depth': 20, 'Boost__n_estimators': 40}",91,0.939209726443769,1.0,0.9720496894409938,1.0,0.9440993788819876,1.0,0.9627329192546584,1.0,0.9347826086956522,1.0,0.0006015142540017227,0.00024574891849322446,0.014337413325175316,0.0
0.011330032348632812,0.0006014347076416015,0.9505256648113791,1.0,balanced,20,50,"{'Boost__base_estimator__class_weight': 'balanced', 'Boost__base_estimator__max_depth': 20, 'Boost__n_estimators': 50}",91,0.939209726443769,1.0,0.9720496894409938,1.0,0.9440993788819876,1.0,0.9627329192546584,1.0,0.9347826086956522,1.0,0.0012116464147934696,0.00020055776542557565,0.014337413325175316,0.0
0.012031841278076171,0.0007017612457275391,0.9505256648113791,1.0,balanced,20,100,"{'Boost__base_estimator__class_weight': 'balanced', 'Boost__base_estimator__max_depth': 20, 'Boost__n_estimators': 100}",91,0.939209726443769,1.0,0.9720496894409938,1.0,0.9440993788819876,1.0,0.9627329192546584,1.0,0.9347826086956522,1.0,0.0007088763642850593,0.000245495784643015,0.014337413325175316,0.0
